Nombre del Producto,CategorÃ­a,Precio Unitario,Stock Disponible,Proveedor
Producto 283,Papel,30.0,93,Proveedor 21
Producto 267,Esferos,10.0,188,Proveedor 21
Producto 166,Material de Oficina,1000.0,168,Proveedor 49
Producto 11,Carpetas,10.0,447,Proveedor 19
Producto 79,Carpetas,10.0,359,Proveedor 8
Producto 280,Esferos,15.5,480,Proveedor 9
Producto 95,Material de Oficina,10.0,332,Proveedor 37
Producto 111,Papel,30.0,159,Proveedor 5
Producto 7,Toners,15.5,261,Proveedor 41
Producto 175,Toners,1000.0,0,Proveedor 38
Producto 99,Carpetas,30.0,337,Proveedor 28
Producto 197,Esferos,10.0,163,Proveedor 50
Producto 186,Papel,1000.0,317,Proveedor 26
Producto 156,Material de Oficina,10.0,144,Proveedor 24
Producto 59,Papel,15.5,125,Proveedor 38
Producto 62,Carpetas,10.0,332,Proveedor 15
Producto 149,Toners,1000.0,56,Proveedor 46
Producto 110,Carpetas,15.5,108,Proveedor 13
Producto 65,Esferos,10.0,361,Proveedor 25
Producto 142,Toners,10.0,59,Proveedor 25
Producto 157,Esferos,10.0,44,Proveedor 45
Producto 106,Material de Oficina,10.0,118,Proveedor 16
Producto 249,Material de Oficina,1000.0,350,Proveedor 48
Producto 48,Carpetas,30.0,123,Proveedor 47
Producto 44,Esferos,30.0,175,Proveedor 8
Producto 277,Carpetas,10.0,314,Proveedor 40
Producto 282,Carpetas,10.0,409,Proveedor 2
Producto 118,Carpetas,10.0,172,Proveedor 35
Producto 215,Esferos,10.0,228,Proveedor 8
Producto 238,Material de Oficina,1000.0,372,Proveedor 45
Producto 19,Toners,10.0,104,Proveedor 33
Producto 241,Carpetas,10.0,426,Proveedor 35
Producto 35,Esferos,10.0,214,Proveedor 4
Producto 26,Carpetas,15.5,99,Proveedor 44
Producto 47,Papel,10.0,26,Proveedor 48
Producto 9,Esferos,30.0,460,Proveedor 34
Producto 115,Material de Oficina,10.0,170,Proveedor 42
Producto 196,Toners,30.0,51,Proveedor 6
Producto 113,Esferos,10.0,402,Proveedor 38
Producto 94,Esferos,10.0,172,Proveedor 15
Producto 77,Toners,30.0,329,Proveedor 38
Producto 84,Esferos,10.0,113,Proveedor 31
Producto 120,Material de Oficina,15.5,175,Proveedor 35
Producto 78,Esferos,15.5,91,Proveedor 50
Producto 131,Toners,30.0,191,Proveedor 39
Producto 199,Carpetas,1000.0,413,Proveedor 17
Producto 212,Material de Oficina,10.0,272,Proveedor 37
Producto 290,Esferos,10.0,379,Proveedor 33
Producto 221,Esferos,10.0,328,Proveedor 32
Producto 180,Carpetas,1000.0,261,Proveedor 10
Producto 146,Esferos,15.5,256,Proveedor 35
Producto 188,Esferos,10.0,154,Proveedor 6
Producto 86,Toners,10.0,449,Proveedor 29
Producto 250,Material de Oficina,15.5,11,Proveedor 32
Producto 279,Toners,30.0,457,Proveedor 38
Producto 75,Material de Oficina,10.0,492,Proveedor 9
Producto 246,Toners,10.0,16,Proveedor 32
Producto 27,Papel,10.0,399,Proveedor 13
Producto 211,Papel,10.0,18,Proveedor 28
Producto 61,Esferos,1000.0,225,Proveedor 1
Producto 8,Carpetas,1000.0,352,Proveedor 30
Producto 185,Material de Oficina,15.5,384,Proveedor 6
Producto 187,Material de Oficina,10.0,414,Proveedor 33
Producto 148,Carpetas,10.0,160,Proveedor 26
Producto 32,Toners,15.5,110,Proveedor 4
Producto 24,Material de Oficina,1000.0,416,Proveedor 31
Producto 256,Carpetas,15.5,30,Proveedor 11
Producto 58,Papel,10.0,219,Proveedor 2
Producto 239,Papel,10.0,126,Proveedor 4
Producto 287,Papel,10.0,353,Proveedor 29
Producto 128,Papel,1000.0,198,Proveedor 17
Producto 230,Toners,1000.0,52,Proveedor 35
Producto 285,Papel,10.0,136,Proveedor 16
Producto 257,Esferos,1000.0,257,Proveedor 35
Producto 160,Material de Oficina,10.0,355,Proveedor 43
Producto 227,Carpetas,10.0,324,Proveedor 44
Producto 80,Carpetas,30.0,283,Proveedor 16
Producto 68,Papel,10.0,323,Proveedor 41
Producto 298,Esferos,30.0,140,Proveedor 27
Producto 194,Papel,10.0,322,Proveedor 19
Producto 183,Material de Oficina,10.0,180,Proveedor 33
Producto 21,Papel,15.5,131,Proveedor 50
Producto 172,Material de Oficina,10.0,160,Proveedor 31
Producto 81,Esferos,30.0,475,Proveedor 9
Producto 92,Toners,15.5,433,Proveedor 13
Producto 134,Papel,15.5,120,Proveedor 27
Producto 74,Carpetas,30.0,0,Proveedor 13
Producto 17,Esferos,30.0,231,Proveedor 15
Producto 12,Papel,10.0,474,Proveedor 8
Producto 159,Esferos,1000.0,496,Proveedor 14
Producto 226,Material de Oficina,15.5,483,Proveedor 25
Producto 70,Toners,1000.0,307,Proveedor 47
Producto 224,Toners,1000.0,307,Proveedor 30
Producto 39,Papel,15.5,128,Proveedor 13
Producto 18,Carpetas,10.0,421,Proveedor 28
Producto 121,Material de Oficina,10.0,420,Proveedor 1
Producto 270,Carpetas,10.0,207,Proveedor 14
Producto 271,Esferos,15.5,433,Proveedor 33
Producto 69,Carpetas,30.0,40,Proveedor 20
Producto 103,Toners,15.5,124,Proveedor 36
Producto 71,Material de Oficina,30.0,197,Proveedor 8
Producto 33,Toners,30.0,154,Proveedor 34
Producto 174,Carpetas,1000.0,152,Proveedor 39
Producto 150,Carpetas,10.0,375,Proveedor 32
Producto 225,Papel,10.0,230,Proveedor 15
Producto 116,Toners,10.0,397,Proveedor 30
Producto 20,Papel,30.0,106,Proveedor 14
Producto 181,Papel,15.5,144,Proveedor 39
Producto 98,Esferos,10.0,418,Proveedor 33
Producto 167,Papel,1000.0,433,Proveedor 25
Producto 293,Papel,1000.0,282,Proveedor 35
Producto 88,Toners,10.0,109,Proveedor 13
Producto 248,Carpetas,1000.0,404,Proveedor 34
Producto 145,Papel,10.0,347,Proveedor 36
Producto 233,Material de Oficina,1000.0,244,Proveedor 11
Producto 126,Material de Oficina,15.5,5,Proveedor 28
Producto 141,Material de Oficina,15.5,143,Proveedor 14
Producto 154,Papel,10.0,365,Proveedor 38
Producto 206,Carpetas,10.0,415,Proveedor 44
Producto 57,Toners,30.0,452,Proveedor 9
Producto 234,Papel,10.0,397,Proveedor 11
Producto 184,Carpetas,10.0,79,Proveedor 31
Producto 182,Material de Oficina,10.0,324,Proveedor 45
Producto 139,Papel,15.5,127,Proveedor 1
Producto 253,Papel,10.0,54,Proveedor 28
Producto 40,Carpetas,10.0,289,Proveedor 15
Producto 127,Papel,10.0,10,Proveedor 40
Producto 195,Papel,30.0,19,Proveedor 3
Producto 169,Carpetas,15.5,250,Proveedor 37
Producto 205,Material de Oficina,15.5,8,Proveedor 43
Producto 114,Material de Oficina,10.0,293,Proveedor 10
Producto 266,Carpetas,10.0,299,Proveedor 6
Producto 119,Carpetas,10.0,397,Proveedor 37
Producto 284,Material de Oficina,10.0,478,Proveedor 30
Producto 275,Material de Oficina,30.0,430,Proveedor 21
Producto 223,Esferos,10.0,280,Proveedor 17
Producto 178,Esferos,10.0,24,Proveedor 15
Producto 4,Toners,30.0,336,Proveedor 2
Producto 117,Papel,10.0,447,Proveedor 18
Producto 179,Papel,1000.0,66,Proveedor 50
Producto 177,Papel,1000.0,170,Proveedor 7
Producto 122,Carpetas,10.0,441,Proveedor 44
Producto 210,Material de Oficina,1000.0,237,Proveedor 18
Producto 261,Toners,10.0,363,Proveedor 37
Producto 129,Esferos,10.0,0,Proveedor 15
Producto 76,Material de Oficina,30.0,125,Proveedor 8
Producto 31,Material de Oficina,30.0,251,Proveedor 18
Producto 85,Papel,15.5,80,Proveedor 37
Producto 263,Papel,10.0,29,Proveedor 21
Producto 109,Carpetas,15.5,311,Proveedor 30
Producto 289,Papel,1000.0,82,Proveedor 15
Producto 247,Carpetas,10.0,19,Proveedor 46
Producto 252,Material de Oficina,10.0,490,Proveedor 17
Producto 296,Carpetas,10.0,238,Proveedor 35
Producto 232,Esferos,10.0,272,Proveedor 22
Producto 67,Material de Oficina,10.0,397,Proveedor 49
Producto 198,Esferos,1000.0,304,Proveedor 3
Producto 87,Material de Oficina,30.0,389,Proveedor 10
Producto 213,Papel,10.0,91,Proveedor 33
Producto 161,Esferos,10.0,21,Proveedor 37
Producto 14,Toners,10.0,299,Proveedor 21
Producto 37,Papel,10.0,344,Proveedor 9
Producto 30,Papel,1000.0,264,Proveedor 25
Producto 144,Papel,1000.0,378,Proveedor 13
Producto 231,Esferos,10.0,34,Proveedor 15
Producto 281,Material de Oficina,10.0,97,Proveedor 2
Producto 170,Papel,10.0,106,Proveedor 34
Producto 53,Material de Oficina,10.0,314,Proveedor 42
Producto 97,Esferos,10.0,77,Proveedor 49
Producto 208,Carpetas,15.5,124,Proveedor 7
Producto 220,Esferos,10.0,145,Proveedor 33
Producto 43,Toners,10.0,307,Proveedor 39
Producto 91,Toners,10.0,0,Proveedor 29
Producto 217,Esferos,1000.0,21,Proveedor 43
Producto 138,Carpetas,10.0,280,Proveedor 50
Producto 28,Toners,10.0,43,Proveedor 27
Producto 294,Toners,10.0,228,Proveedor 48
Producto 143,Toners,10.0,39,Proveedor 2
Producto 200,Toners,10.0,241,Proveedor 50
Producto 2,Papel,10.0,140,Proveedor 50
Producto 269,Esferos,10.0,151,Proveedor 11
Producto 273,Material de Oficina,10.0,476,Proveedor 47
Producto 102,Esferos,10.0,189,Proveedor 33
Producto 260,Material de Oficina,10.0,432,Proveedor 13
Producto 255,Papel,1000.0,36,Proveedor 50
Producto 173,Esferos,1000.0,288,Proveedor 11
Producto 100,Papel,1000.0,284,Proveedor 4
Producto 38,Papel,30.0,309,Proveedor 3
Producto 63,Esferos,10.0,74,Proveedor 17
Producto 152,Material de Oficina,10.0,260,Proveedor 45
Producto 236,Material de Oficina,15.5,116,Proveedor 24
Producto 202,Esferos,10.0,83,Proveedor 34
Producto 242,Material de Oficina,10.0,171,Proveedor 50
Producto 13,Carpetas,10.0,102,Proveedor 1
Producto 297,Esferos,30.0,269,Proveedor 4
Producto 268,Toners,10.0,257,Proveedor 25
Producto 29,Esferos,1000.0,293,Proveedor 42
Producto 244,Material de Oficina,10.0,107,Proveedor 18
Producto 6,Material de Oficina,1000.0,223,Proveedor 45
Producto 124,Esferos,30.0,105,Proveedor 16
Producto 34,Papel,1000.0,199,Proveedor 45
Producto 204,Esferos,1000.0,331,Proveedor 13
Producto 164,Esferos,10.0,433,Proveedor 29
Producto 228,Carpetas,10.0,5,Proveedor 9
Producto 258,Toners,15.5,141,Proveedor 23
Producto 140,Toners,10.0,66,Proveedor 48
Producto 64,Papel,15.5,484,Proveedor 18
Producto 137,Toners,10.0,310,Proveedor 23
Producto 130,Toners,10.0,430,Proveedor 45
Producto 291,Esferos,30.0,299,Proveedor 46
Producto 10,Papel,30.0,488,Proveedor 21
Producto 72,Carpetas,10.0,65,Proveedor 25
Producto 265,Toners,15.5,494,Proveedor 31
Producto 66,Toners,30.0,424,Proveedor 10
Producto 46,Esferos,30.0,398,Proveedor 36
Producto 235,Carpetas,30.0,152,Proveedor 33
Producto 158,Carpetas,10.0,156,Proveedor 36
Producto 42,Esferos,30.0,257,Proveedor 38
Producto 125,Esferos,10.0,99,Proveedor 31
Producto 276,Material de Oficina,10.0,253,Proveedor 38
Producto 218,Papel,15.5,435,Proveedor 19
Producto 155,Carpetas,1000.0,285,Proveedor 41
Producto 25,Esferos,15.5,346,Proveedor 27
Producto 262,Esferos,1000.0,209,Proveedor 10
Producto 112,Toners,10.0,17,Proveedor 5
Producto 83,Toners,10.0,0,Proveedor 34
Producto 209,Toners,15.5,59,Proveedor 21
Producto 214,Material de Oficina,10.0,164,Proveedor 13
Producto 41,Papel,10.0,351,Proveedor 44
Producto 240,Carpetas,1000.0,461,Proveedor 43
Producto 292,Material de Oficina,10.0,469,Proveedor 5
Producto 286,Toners,10.0,457,Proveedor 22
Producto 201,Esferos,10.0,54,Proveedor 24
Producto 16,Material de Oficina,1000.0,23,Proveedor 39
Producto 49,Carpetas,10.0,258,Proveedor 48
Producto 96,Toners,10.0,0,Proveedor 33
Producto 264,Carpetas,10.0,481,Proveedor 5
Producto 229,Papel,10.0,479,Proveedor 17
Producto 274,Esferos,10.0,140,Proveedor 30
Producto 203,Material de Oficina,10.0,42,Proveedor 21
Producto 163,Esferos,15.5,189,Proveedor 39
Producto 45,Toners,15.5,0,Proveedor 26
Producto 219,Esferos,10.0,446,Proveedor 37
Producto 147,Carpetas,10.0,499,Proveedor 2
Producto 192,Esferos,10.0,485,Proveedor 2
Producto 222,Toners,10.0,386,Proveedor 48
Producto 251,Carpetas,10.0,188,Proveedor 19
Producto 5,Material de Oficina,10.0,88,Proveedor 2
